{
  "mae": 202.45986216843175,
  "mse": 80823.04603610441,
  "rmse": 284.2939430169141,
  "r2": 0.15100495232422184,
  "mape": 24.66178228150174,
  "median_absolute_error": 133.23629570010257,
  "n_features": 16,
  "n_samples_test": 491
}