{
  "mae": 201.28221888680727,
  "mse": 79165.04482608581,
  "rmse": 281.3628348344639,
  "r2": 0.16842120777835845,
  "mape": 24.722862865156213,
  "median_absolute_error": 137.05429004329017,
  "n_features": 16,
  "n_samples_test": 491
}